{
  "cx": 639.1669921875,
  "cy": 364.76153564453125,
  "depth_scale": 1.0,
  "fx": 607.2491455078125,
  "fy": 607.165283203125,
  "height": 720,
  "width": 1280
}